{
    "test_accuracy": 0.8406449357685921,
    "test_balanced_accuracy": 0.701893516247489,
    "test_precision": 0.8971357538716528,
    "test_recall": 0.9124960488884206,
    "test_f1": 0.9047507116926532,
    "test_roc_auc": 0.7813699030120856,
    "true_negative": 1918,
    "false_positive": 1986,
    "false_negative": 1661,
    "true_positive": 17321
}