{
    "accuracy": 0.8508397453922646,
    "precision": 0.8605407711588715,
    "recall": 0.981598077683487
}