{
    "test_accuracy": 0.7771126452853273,
    "test_balanced_accuracy": 0.6923845212073214,
    "test_precision": 0.9014866662810204,
    "test_recall": 0.820988304709725,
    "test_f1": 0.8593564752267777,
    "test_roc_auc": 0.7614550861709368,
    "true_negative": 2201,
    "false_positive": 1703,
    "false_negative": 3398,
    "true_positive": 15584
}