{
    "0": {
        "precision": 0.3931059117699589,
        "recall": 0.563780737704918,
        "f1-score": 0.46322214037672316,
        "support": 3904.0
    },
    "1": {
        "precision": 0.9014866662810204,
        "recall": 0.820988304709725,
        "f1-score": 0.8593564752267777,
        "support": 18982.0
    },
    "accuracy": 0.7771126452853273,
    "macro avg": {
        "precision": 0.6472962890254896,
        "recall": 0.6923845212073214,
        "f1-score": 0.6612893078017504,
        "support": 22886.0
    },
    "weighted avg": {
        "precision": 0.8147647198678777,
        "recall": 0.7771126452853273,
        "f1-score": 0.7917820435543749,
        "support": 22886.0
    }
}