{
    "0": {
        "precision": 0.5411522633744856,
        "recall": 0.47156762295081966,
        "f1-score": 0.5039693402682727,
        "support": 3904.0
    },
    "1": {
        "precision": 0.8941182508725107,
        "recall": 0.917764197660942,
        "f1-score": 0.9057869287162689,
        "support": 18982.0
    },
    "accuracy": 0.841649916979813,
    "macro avg": {
        "precision": 0.7176352571234982,
        "recall": 0.6946659103058808,
        "f1-score": 0.7048781344922708,
        "support": 22886.0
    },
    "weighted avg": {
        "precision": 0.8339076760585507,
        "recall": 0.841649916979813,
        "f1-score": 0.8372430212924736,
        "support": 22886.0
    }
}