{
    "0": {
        "precision": 0.39399388599172813,
        "recall": 0.561219262295082,
        "f1-score": 0.4629688325409403,
        "support": 3904.0
    },
    "1": {
        "precision": 0.9011255411255411,
        "recall": 0.822463386366031,
        "f1-score": 0.8599994491420387,
        "support": 18982.0
    },
    "accuracy": 0.7778991523201958,
    "macro avg": {
        "precision": 0.6475597135586346,
        "recall": 0.6918413243305566,
        "f1-score": 0.6614841408414895,
        "support": 22886.0
    },
    "weighted avg": {
        "precision": 0.8146166718761132,
        "recall": 0.7778991523201958,
        "f1-score": 0.7922721255725776,
        "support": 22886.0
    }
}