{
    "0": {
        "precision": 0.5359038837664152,
        "recall": 0.4912909836065574,
        "f1-score": 0.5126286248830683,
        "support": 3904.0
    },
    "1": {
        "precision": 0.8971357538716528,
        "recall": 0.9124960488884206,
        "f1-score": 0.9047507116926532,
        "support": 18982.0
    },
    "accuracy": 0.8406449357685921,
    "macro avg": {
        "precision": 0.716519818819034,
        "recall": 0.701893516247489,
        "f1-score": 0.7086896682878607,
        "support": 22886.0
    },
    "weighted avg": {
        "precision": 0.8355151464745171,
        "recall": 0.8406449357685921,
        "f1-score": 0.8378607078953701,
        "support": 22886.0
    }
}